,trial_index,arm_name,trial_status,generation_node,k_mean,Kr,Rs,Ar,Vf
0,0,0_0,COMPLETED,Sobol,0.171833612721937,5.0,0.0001,2.0,20.0
1,1,1_0,COMPLETED,Sobol,0.22801781983864,10.0,10000000000.0,5.0,40.0
2,2,2_0,COMPLETED,Sobol,0.161609729463573,100.0,100.0,2.0,15.0
3,3,3_0,COMPLETED,Sobol,0.405538416246424,15.0,10000.0,4.0,55.0
4,4,4_0,COMPLETED,Sobol,0.386783289204743,25.0,0.01,6.0,60.0
5,5,5_0,COMPLETED,Sobol,0.24456148702586,70.0,1000000.0,3.0,5.0
6,6,6_0,COMPLETED,Sobol,0.101268624101397,40.0,0.0001,4.0,35.0
7,7,7_0,COMPLETED,Sobol,0.150044910499907,10.0,100000000.0,1.0,25.0
8,8,8_0,COMPLETED,Sobol,0.09126644126245,10.0,100.0,4.0,5.0
9,9,9_0,COMPLETED,Sobol,0.21466005384106,40.0,10000.0,1.0,55.0
10,10,10_0,COMPLETED,Sobol,0.10449417067332,70.0,0.0001,6.0,30.0
11,11,11_0,COMPLETED,Sobol,0.208732497568677,10.0,10000000000.0,3.0,40.0
12,12,12_0,COMPLETED,ProbabilityOfImp,0.10706166369789,55.0,0.0001,3.0,35.0
13,13,13_0,COMPLETED,ProbabilityOfImp,0.091711596253981,10.0,100.0,5.0,5.0
14,14,14_0,COMPLETED,ProbabilityOfImp,0.096275775992841,10.0,0.01,4.0,5.0
15,15,15_0,COMPLETED,ProbabilityOfImp,0.077221129072872,10.0,10000.0,4.0,5.0
16,16,16_0,COMPLETED,ProbabilityOfImp,0.058967282549054,10.0,1000000.0,4.0,5.0
17,17,17_0,COMPLETED,ProbabilityOfImp,0.084047822467655,10.0,100000000.0,4.0,5.0
18,18,18_0,COMPLETED,ProbabilityOfImp,0.05767593537103,10.0,1000000.0,3.0,5.0
19,19,19_0,COMPLETED,ProbabilityOfImp,0.055790745191246,10.0,1000000.0,2.0,5.0
20,20,20_0,COMPLETED,ProbabilityOfImp,0.054446616526982,10.0,1000000.0,1.0,5.0
21,21,21_0,COMPLETED,ProbabilityOfImp,0.055931404771605,40.0,0.0001,6.0,20.0
22,22,22_0,COMPLETED,ProbabilityOfImp,0.069279100251142,25.0,0.0001,5.0,20.0
23,23,23_0,COMPLETED,ProbabilityOfImp,0.112990721126283,5.0,10000.0,1.0,5.0
24,24,24_0,COMPLETED,ProbabilityOfImp,0.046699807603254,15.0,1000000.0,1.0,5.0
25,25,25_0,COMPLETED,ProbabilityOfImp,0.074596430640568,40.0,0.01,5.0,15.0
26,26,26_0,COMPLETED,ProbabilityOfImp,0.047569443736303,15.0,1000000.0,2.0,5.0
27,27,27_0,COMPLETED,ProbabilityOfImp,0.075978899585172,40.0,0.0001,6.0,25.0
28,28,28_0,COMPLETED,ProbabilityOfImp,0.038301989131214,40.0,0.0001,6.0,15.0
29,29,29_0,COMPLETED,ProbabilityOfImp,0.027135783638553,40.0,0.0001,6.0,10.0
30,30,30_0,COMPLETED,ProbabilityOfImp,0.019193446413592,40.0,0.0001,6.0,5.0
